Timestamp,Entity,Action,Status,Location

2026-07-15 21:37:15,Person_1,Intrusion,UNAUTHORIZED,Laptop
2026-07-15 21:37:41,ASSET,Theft,STOLEN,Laptop
2026-07-23 01:33:58,Person_1,Intrusion,UNAUTHORIZED,Restricted_1
2026-07-23 01:34:24,ASSET,Theft,STOLEN,Restricted_1
2026-07-23 02:17:07,Person_1,Identity,Recognized as Talha,General Area
2026-07-23 02:17:41,Person_1,Identity,Recognized as Talha,General Area
2026-07-23 02:17:46,Talha,Access,AUTHORIZED,Restricted_1
2026-07-23 02:17:48,Person_1,Identity,Revoked Talha (mismatch),General Area
2026-07-23 02:17:48,Person_1,Intrusion,UNAUTHORIZED,Restricted_1
2026-07-23 02:17:57,Person_1,Identity,Recognized as Talha,General Area
2026-07-23 02:17:57,Talha,Access,AUTHORIZED,Restricted_1
2026-07-23 02:20:42,Person_1,Identity,Recognized as Talha,General Area
2026-07-23 02:20:47,Talha,Access,AUTHORIZED,Restricted_1
2026-07-23 02:21:28,Person_1,Identity,Recognized as Talha,General Area
2026-08-27 23:17:16,Person_2,Identity,Recognized as Talha,General Area
2026-08-27 23:21:35,Person_2,Identity,Recognized as Talha,General Area
2026-08-31 03:09:35,Person_3,Intrusion,UNAUTHORIZED,TESTZONE
2026-08-31 03:09:39,Person_1,Identity,Recognized as Talha,General Area
2026-08-31 03:10:17,Person_4,Intrusion,UNAUTHORIZED,TESTZONE
2026-08-31 03:10:20,Person_4,Identity,Recognized as Talha,General Area
2026-08-31 03:10:20,Talha,Access,AUTHORIZED,TESTZONE
2026-08-31 03:10:24,Person_6,Intrusion,UNAUTHORIZED,TESTZONE
2026-08-31 03:10:27,Person_6,Identity,Recognized as Talha,General Area
2026-08-31 03:10:28,Talha,Access,AUTHORIZED,TESTZONE
2026-08-31 03:10:33,Person_7,Intrusion,UNAUTHORIZED,TESTZONE
2026-08-31 03:10:42,Person_7,Identity,Recognized as Talha,General Area
2026-08-31 03:17:02,Person_3,Intrusion,UNAUTHORIZED,TESTZONE
2026-08-31 03:17:05,Person_1,Identity,Recognized as Talha,General Area
2026-08-31 03:17:45,Person_4,Intrusion,UNAUTHORIZED,TESTZONE
2026-08-31 03:17:47,Person_4,Identity,Recognized as Talha,General Area
2026-08-31 03:17:47,Talha,Access,AUTHORIZED,TESTZONE
2026-08-31 03:17:51,Person_6,Intrusion,UNAUTHORIZED,TESTZONE
2026-08-31 03:17:55,Person_6,Identity,Recognized as Talha,General Area
2026-08-31 03:17:56,Talha,Access,AUTHORIZED,TESTZONE
2026-08-31 03:18:01,Person_7,Intrusion,UNAUTHORIZED,TESTZONE
2026-08-31 03:18:10,Person_7,Identity,Recognized as Talha,General Area
2026-08-31 03:19:16,Person_6,Intrusion,UNAUTHORIZED,TESTZONE
2026-08-31 03:19:16,Person_3,Intrusion,UNAUTHORIZED,TESTZONE
2026-08-31 03:19:17,Person_9,Intrusion,UNAUTHORIZED,TESTZONE
2026-08-31 03:19:19,Person_11,Intrusion,UNAUTHORIZED,TESTZONE
2026-08-31 03:19:21,Person_8,Intrusion,UNAUTHORIZED,TESTZONE
2026-08-31 03:19:22,Person_15,Intrusion,UNAUTHORIZED,TESTZONE
2026-08-31 03:19:24,Person_7,Intrusion,UNAUTHORIZED,TESTZONE
2026-08-31 03:19:25,Person_8,Intrusion,UNAUTHORIZED,TESTZONE
2026-08-31 03:19:28,Person_5,Intrusion,UNAUTHORIZED,TESTZONE
2026-08-31 03:19:28,Person_24,Intrusion,UNAUTHORIZED,TESTZONE
2026-08-31 03:19:29,Person_11,Intrusion,UNAUTHORIZED,TESTZONE
2026-08-31 03:19:33,Person_31,Intrusion,UNAUTHORIZED,TESTZONE
2026-08-31 03:19:34,Person_9,Intrusion,UNAUTHORIZED,TESTZONE
2026-08-31 03:19:38,Person_36,Intrusion,UNAUTHORIZED,TESTZONE
2026-08-31 03:19:43,Person_40,Intrusion,UNAUTHORIZED,TESTZONE
2026-08-31 03:19:47,Person_42,Intrusion,UNAUTHORIZED,TESTZONE
2026-08-31 03:19:47,Person_41,Intrusion,UNAUTHORIZED,TESTZONE
2026-08-31 03:26:55,Person_3,Intrusion,UNAUTHORIZED,TESTZONE
2026-08-31 03:26:58,Person_1,Identity,Recognized as Talha,General Area
2026-08-31 03:27:39,Person_4,Intrusion,UNAUTHORIZED,TESTZONE
2026-08-31 03:27:41,Person_4,Identity,Recognized as Talha,General Area
2026-08-31 03:27:42,Talha,Access,AUTHORIZED,TESTZONE
2026-08-31 03:27:46,Person_6,Intrusion,UNAUTHORIZED,TESTZONE
2026-08-31 03:27:49,Person_6,Identity,Recognized as Talha,General Area
2026-08-31 03:27:50,Talha,Access,AUTHORIZED,TESTZONE
2026-08-31 03:27:56,Person_7,Intrusion,UNAUTHORIZED,TESTZONE
2026-08-31 03:28:05,Person_7,Identity,Recognized as Talha,General Area
2026-08-31 03:28:33,Person_3,Intrusion,UNAUTHORIZED,TESTZONE
2026-08-31 03:28:35,Person_1,Identity,Recognized as Talha,General Area
2026-08-31 03:28:58,Person_4,Intrusion,UNAUTHORIZED,TESTZONE
2026-08-31 03:29:00,Person_4,Identity,Recognized as Talha,General Area
2026-08-31 03:29:00,Talha,Access,AUTHORIZED,TESTZONE
2026-08-31 03:29:03,Person_6,Intrusion,UNAUTHORIZED,TESTZONE
2026-08-31 03:29:05,Person_6,Identity,Recognized as Talha,General Area
2026-08-31 03:29:06,Talha,Access,AUTHORIZED,TESTZONE
2026-08-31 03:29:09,Person_7,Intrusion,UNAUTHORIZED,TESTZONE
2026-08-31 03:29:16,Person_7,Identity,Recognized as Talha,General Area
2026-08-31 03:29:38,Person_3,Intrusion,UNAUTHORIZED,TESTZONE
2026-08-31 03:29:40,Person_1,Identity,Recognized as Talha,General Area
2026-08-31 03:30:03,Person_4,Intrusion,UNAUTHORIZED,TESTZONE
2026-08-31 03:30:05,Person_4,Identity,Recognized as Talha,General Area
2026-08-31 03:30:05,Talha,Access,AUTHORIZED,TESTZONE
2026-08-31 03:30:07,Person_6,Intrusion,UNAUTHORIZED,TESTZONE
2026-08-31 03:30:09,Person_6,Identity,Recognized as Talha,General Area
2026-08-31 03:30:10,Talha,Access,AUTHORIZED,TESTZONE
2026-08-31 03:30:13,Person_7,Intrusion,UNAUTHORIZED,TESTZONE
2026-08-31 03:30:19,Person_7,Identity,Recognized as Talha,General Area
2026-08-31 03:30:53,ASSET,Theft,STOLEN,TESTZONE
2026-08-31 03:31:08,Person_3,Intrusion,UNAUTHORIZED,TESTZONE
2026-08-31 03:31:11,Person_1,Intrusion,UNAUTHORIZED,TESTZONE
2026-08-31 03:31:15,Person_17,Intrusion,UNAUTHORIZED,TESTZONE
2026-08-31 03:31:16,ASSET,Theft,STOLEN,TESTZONE
2026-08-31 03:31:19,Person_23,Intrusion,UNAUTHORIZED,TESTZONE
2026-08-31 03:31:20,Person_27,Intrusion,UNAUTHORIZED,TESTZONE
2026-08-31 03:31:26,Person_3,Intrusion,UNAUTHORIZED,TESTZONE
2026-08-31 03:31:28,Person_1,Intrusion,UNAUTHORIZED,TESTZONE
2026-08-31 03:31:32,Person_14,Intrusion,UNAUTHORIZED,TESTZONE
2026-08-31 03:31:32,Person_17,Intrusion,UNAUTHORIZED,TESTZONE
2026-08-31 03:31:33,ASSET,Theft,STOLEN,TESTZONE
2026-08-31 03:31:41,Person_6,Intrusion,UNAUTHORIZED,TESTZONE
2026-08-31 03:31:41,Person_3,Intrusion,UNAUTHORIZED,TESTZONE
2026-08-31 03:31:42,Person_9,Intrusion,UNAUTHORIZED,TESTZONE
2026-08-31 03:31:44,Person_11,Intrusion,UNAUTHORIZED,TESTZONE
2026-08-31 03:31:45,Person_8,Intrusion,UNAUTHORIZED,TESTZONE
2026-08-31 03:31:46,Person_15,Intrusion,UNAUTHORIZED,TESTZONE
2026-08-31 03:31:49,Person_7,Intrusion,UNAUTHORIZED,TESTZONE
2026-08-31 03:31:49,Person_8,Intrusion,UNAUTHORIZED,TESTZONE
2026-08-31 03:31:52,Person_5,Intrusion,UNAUTHORIZED,TESTZONE
2026-08-31 03:31:52,Person_24,Intrusion,UNAUTHORIZED,TESTZONE
2026-08-31 03:31:53,Person_11,Intrusion,UNAUTHORIZED,TESTZONE
2026-08-31 03:31:57,Person_31,Intrusion,UNAUTHORIZED,TESTZONE
2026-08-31 03:31:58,Person_9,Intrusion,UNAUTHORIZED,TESTZONE
2026-08-31 03:32:02,Person_36,Intrusion,UNAUTHORIZED,TESTZONE
2026-08-31 03:32:07,Person_40,Intrusion,UNAUTHORIZED,TESTZONE
2026-08-31 03:32:10,Person_42,Intrusion,UNAUTHORIZED,TESTZONE
2026-08-31 03:32:11,Person_41,Intrusion,UNAUTHORIZED,TESTZONE
2026-08-31 03:32:29,Person_6,Intrusion,UNAUTHORIZED,TESTZONE
2026-08-31 03:32:29,Person_3,Intrusion,UNAUTHORIZED,TESTZONE
2026-08-31 03:32:30,Person_9,Intrusion,UNAUTHORIZED,TESTZONE
2026-08-31 03:32:32,Person_11,Intrusion,UNAUTHORIZED,TESTZONE
2026-08-31 03:32:33,Person_8,Intrusion,UNAUTHORIZED,TESTZONE
2026-08-31 03:32:34,Person_15,Intrusion,UNAUTHORIZED,TESTZONE
2026-08-31 03:32:35,Person_7,Intrusion,UNAUTHORIZED,TESTZONE
2026-08-31 03:32:38,Person_5,Intrusion,UNAUTHORIZED,TESTZONE
2026-08-31 03:32:39,Person_24,Intrusion,UNAUTHORIZED,TESTZONE
2026-08-31 03:32:39,Person_11,Intrusion,UNAUTHORIZED,TESTZONE
2026-08-31 03:32:43,Person_31,Intrusion,UNAUTHORIZED,TESTZONE
2026-08-31 03:32:43,Person_9,Intrusion,UNAUTHORIZED,TESTZONE
2026-08-31 03:32:46,Person_36,Intrusion,UNAUTHORIZED,TESTZONE
2026-08-31 03:32:50,Person_40,Intrusion,UNAUTHORIZED,TESTZONE
2026-08-31 03:32:53,Person_42,Intrusion,UNAUTHORIZED,TESTZONE
2026-08-31 03:32:53,Person_41,Intrusion,UNAUTHORIZED,TESTZONE
2026-08-31 03:33:03,Person_53,Intrusion,UNAUTHORIZED,TESTZONE
2026-08-31 03:33:06,Person_6,Intrusion,UNAUTHORIZED,TESTZONE
2026-08-31 03:33:06,Person_3,Intrusion,UNAUTHORIZED,TESTZONE
2026-08-31 03:33:07,Person_9,Intrusion,UNAUTHORIZED,TESTZONE
2026-08-31 03:33:08,Person_11,Intrusion,UNAUTHORIZED,TESTZONE
2026-08-31 03:33:09,Person_8,Intrusion,UNAUTHORIZED,TESTZONE
2026-08-31 03:33:10,Person_15,Intrusion,UNAUTHORIZED,TESTZONE
2026-08-31 03:33:13,Person_7,Intrusion,UNAUTHORIZED,TESTZONE
2026-08-31 03:33:13,Person_8,Intrusion,UNAUTHORIZED,TESTZONE
2026-08-31 03:33:16,Person_5,Intrusion,UNAUTHORIZED,TESTZONE
2026-08-31 03:33:16,Person_24,Intrusion,UNAUTHORIZED,TESTZONE
2026-08-31 03:33:17,Person_11,Intrusion,UNAUTHORIZED,TESTZONE
2026-08-31 03:33:20,Person_31,Intrusion,UNAUTHORIZED,TESTZONE
2026-08-31 03:33:20,Person_9,Intrusion,UNAUTHORIZED,TESTZONE
2026-08-31 03:33:23,Person_36,Intrusion,UNAUTHORIZED,TESTZONE
2026-08-31 03:33:27,Person_40,Intrusion,UNAUTHORIZED,TESTZONE
2026-08-31 03:33:30,Person_42,Intrusion,UNAUTHORIZED,TESTZONE
2026-08-31 03:33:31,Person_41,Intrusion,UNAUTHORIZED,TESTZONE
2026-08-31 03:33:33,Person_51,Intrusion,UNAUTHORIZED,TESTZONE
2026-08-31 03:33:34,Person_52,Intrusion,UNAUTHORIZED,TESTZONE
2026-08-31 03:33:36,Person_50,Intrusion,UNAUTHORIZED,TESTZONE
2026-08-31 03:33:37,Person_53,Intrusion,UNAUTHORIZED,TESTZONE
2026-08-31 03:33:39,Person_49,Intrusion,UNAUTHORIZED,TESTZONE
2026-08-31 03:33:41,Person_56,Intrusion,UNAUTHORIZED,TESTZONE
2026-08-31 03:33:41,Person_61,Intrusion,UNAUTHORIZED,TESTZONE
2026-08-31 03:33:42,Person_63,Intrusion,UNAUTHORIZED,TESTZONE
2026-08-31 03:36:13,Person_1,Identity,Recognized as Talha,General Area
2026-08-31 03:36:17,Talha,Access,AUTHORIZED,Restricted_2
2026-08-31 03:38:23,Person_3,Intrusion,UNAUTHORIZED,TESTZONE
2026-08-31 03:38:26,Person_1,Identity,Recognized as Talha,General Area
2026-08-31 03:38:52,Person_4,Intrusion,UNAUTHORIZED,TESTZONE
2026-08-31 03:38:54,Person_4,Identity,Recognized as Talha,General Area
2026-08-31 03:38:54,Talha,Access,AUTHORIZED,TESTZONE
2026-08-31 03:38:56,Person_6,Intrusion,UNAUTHORIZED,TESTZONE
2026-08-31 03:38:59,Person_6,Identity,Recognized as Talha,General Area
2026-08-31 03:39:00,Talha,Access,AUTHORIZED,TESTZONE
2026-08-31 03:39:03,Person_7,Intrusion,UNAUTHORIZED,TESTZONE
2026-08-31 03:39:10,Person_7,Identity,Recognized as Talha,General Area
2026-08-31 03:39:30,Person_3,Intrusion,UNAUTHORIZED,TESTZONE
2026-08-31 03:39:32,Person_1,Intrusion,UNAUTHORIZED,TESTZONE
2026-08-31 03:39:37,Person_17,Intrusion,UNAUTHORIZED,TESTZONE
2026-08-31 03:39:37,ASSET,Theft,STOLEN,TESTZONE
2026-08-31 03:39:40,Person_23,Intrusion,UNAUTHORIZED,TESTZONE
2026-08-31 03:39:41,Person_27,Intrusion,UNAUTHORIZED,TESTZONE
2026-08-31 03:39:46,Person_6,Intrusion,UNAUTHORIZED,TESTZONE
2026-08-31 03:39:46,Person_3,Intrusion,UNAUTHORIZED,TESTZONE
2026-08-31 03:39:46,Person_9,Intrusion,UNAUTHORIZED,TESTZONE
2026-08-31 03:39:48,Person_11,Intrusion,UNAUTHORIZED,TESTZONE
2026-08-31 03:39:49,Person_8,Intrusion,UNAUTHORIZED,TESTZONE
2026-08-31 03:39:51,Person_15,Intrusion,UNAUTHORIZED,TESTZONE
2026-08-31 03:39:52,Person_7,Intrusion,UNAUTHORIZED,TESTZONE
2026-08-31 03:39:55,Person_5,Intrusion,UNAUTHORIZED,TESTZONE
2026-08-31 03:39:55,Person_24,Intrusion,UNAUTHORIZED,TESTZONE
2026-08-31 03:39:56,Person_11,Intrusion,UNAUTHORIZED,TESTZONE
2026-08-31 03:39:59,Person_31,Intrusion,UNAUTHORIZED,TESTZONE
2026-08-31 03:39:59,Person_9,Intrusion,UNAUTHORIZED,TESTZONE
2026-08-31 03:40:03,Person_36,Intrusion,UNAUTHORIZED,TESTZONE
2026-08-31 03:40:06,Person_40,Intrusion,UNAUTHORIZED,TESTZONE
2026-08-31 03:40:09,Person_42,Intrusion,UNAUTHORIZED,TESTZONE
2026-08-31 03:40:10,Person_41,Intrusion,UNAUTHORIZED,TESTZONE
2026-08-31 03:40:20,Person_53,Intrusion,UNAUTHORIZED,TESTZONE
2026-08-31 03:40:27,Person_1,Identity,Recognized as Talha,General Area
2026-08-31 03:40:44,Person_4,Intrusion,UNAUTHORIZED,TESTZONE
2026-08-31 03:40:47,Person_5,Intrusion,UNAUTHORIZED,TESTZONE
2026-08-31 03:40:50,Person_5,Identity,Recognized as Talha,General Area
2026-08-31 03:40:50,Talha,Access,AUTHORIZED,TESTZONE
2026-08-31 03:40:52,Person_6,Intrusion,UNAUTHORIZED,TESTZONE
2026-08-31 03:40:58,Person_6,Identity,Recognized as Talha,General Area
2026-08-31 03:41:16,ASSET,Theft,STOLEN,TESTZONE
2026-08-31 03:41:18,Person_32,Intrusion,UNAUTHORIZED,TESTZONE
2026-08-31 03:41:20,Person_41,Intrusion,UNAUTHORIZED,TESTZONE
2026-08-31 03:41:20,Person_37,Intrusion,UNAUTHORIZED,TESTZONE
2026-08-31 03:41:22,Person_6,Intrusion,UNAUTHORIZED,TESTZONE
2026-08-31 03:41:22,Person_9,Intrusion,UNAUTHORIZED,TESTZONE
2026-08-31 03:41:23,Person_11,Intrusion,UNAUTHORIZED,TESTZONE
2026-08-31 03:41:24,Person_8,Intrusion,UNAUTHORIZED,TESTZONE
2026-08-31 03:41:25,Person_12,Intrusion,UNAUTHORIZED,TESTZONE
2026-08-31 03:41:26,Person_7,Intrusion,UNAUTHORIZED,TESTZONE
2026-08-31 03:41:29,Person_14,Intrusion,UNAUTHORIZED,TESTZONE
2026-08-31 03:41:29,Person_5,Intrusion,UNAUTHORIZED,TESTZONE
2026-08-31 03:41:35,Person_29,Intrusion,UNAUTHORIZED,TESTZONE
2026-08-31 03:41:37,Person_32,Intrusion,UNAUTHORIZED,TESTZONE
2026-08-31 03:41:39,Person_34,Intrusion,UNAUTHORIZED,TESTZONE
2026-08-31 03:41:40,Person_33,Intrusion,UNAUTHORIZED,TESTZONE
2026-08-31 03:51:23,Person_3,Intrusion,UNAUTHORIZED,TESTZONE
2026-08-31 03:51:25,Person_1,Identity,Recognized as Talha,General Area
2026-08-31 03:51:49,Person_4,Intrusion,UNAUTHORIZED,TESTZONE
2026-08-31 03:51:50,Person_4,Identity,Recognized as Talha,General Area
2026-08-31 03:51:50,Talha,Access,AUTHORIZED,TESTZONE
2026-08-31 03:51:52,Person_6,Intrusion,UNAUTHORIZED,TESTZONE
2026-08-31 03:51:55,Person_6,Identity,Recognized as Talha,General Area
2026-08-31 03:51:55,Talha,Access,AUTHORIZED,TESTZONE
2026-08-31 03:51:59,Person_7,Intrusion,UNAUTHORIZED,TESTZONE
2026-08-31 03:52:05,Person_7,Identity,Recognized as Talha,General Area
2026-08-31 03:52:24,Person_3,Intrusion,UNAUTHORIZED,TESTZONE
2026-08-31 03:52:26,Person_1,Intrusion,UNAUTHORIZED,TESTZONE
2026-08-31 03:52:29,Person_14,Intrusion,UNAUTHORIZED,TESTZONE
2026-08-31 03:52:30,Person_17,Intrusion,UNAUTHORIZED,TESTZONE
2026-08-31 03:52:31,ASSET,Theft,STOLEN,TESTZONE
2026-08-31 03:52:39,Person_6,Intrusion,UNAUTHORIZED,TESTZONE
2026-08-31 03:52:39,Person_3,Intrusion,UNAUTHORIZED,TESTZONE
2026-08-31 03:52:39,Person_9,Intrusion,UNAUTHORIZED,TESTZONE
2026-08-31 03:52:41,Person_11,Intrusion,UNAUTHORIZED,TESTZONE
2026-08-31 03:52:42,Person_8,Intrusion,UNAUTHORIZED,TESTZONE
2026-08-31 03:52:43,Person_15,Intrusion,UNAUTHORIZED,TESTZONE
2026-08-31 03:52:45,Person_7,Intrusion,UNAUTHORIZED,TESTZONE
2026-08-31 03:52:47,Person_5,Intrusion,UNAUTHORIZED,TESTZONE
2026-08-31 03:52:48,Person_24,Intrusion,UNAUTHORIZED,TESTZONE
2026-08-31 03:52:48,Person_11,Intrusion,UNAUTHORIZED,TESTZONE
2026-08-31 03:52:51,Person_31,Intrusion,UNAUTHORIZED,TESTZONE
2026-08-31 03:52:52,Person_9,Intrusion,UNAUTHORIZED,TESTZONE
2026-08-31 03:52:55,Person_36,Intrusion,UNAUTHORIZED,TESTZONE
2026-08-31 03:52:58,Person_40,Intrusion,UNAUTHORIZED,TESTZONE
2026-08-31 03:53:01,Person_42,Intrusion,UNAUTHORIZED,TESTZONE
2026-08-31 03:53:02,Person_41,Intrusion,UNAUTHORIZED,TESTZONE
2026-08-31 03:53:04,Person_51,Intrusion,UNAUTHORIZED,TESTZONE
2026-08-31 03:53:05,Person_52,Intrusion,UNAUTHORIZED,TESTZONE
2026-08-31 03:53:07,Person_50,Intrusion,UNAUTHORIZED,TESTZONE
2026-08-31 03:53:08,Person_53,Intrusion,UNAUTHORIZED,TESTZONE
2026-08-31 03:53:10,Person_49,Intrusion,UNAUTHORIZED,TESTZONE
2026-08-31 03:53:12,Person_56,Intrusion,UNAUTHORIZED,TESTZONE
2026-08-31 03:53:12,Person_61,Intrusion,UNAUTHORIZED,TESTZONE
2026-08-31 03:53:13,Person_63,Intrusion,UNAUTHORIZED,TESTZONE
2026-08-31 03:59:06,Person_3,Intrusion,UNAUTHORIZED,TESTZONE
2026-08-31 03:59:08,Person_1,Identity,Recognized as Talha,General Area
2026-08-31 03:59:32,Person_4,Intrusion,UNAUTHORIZED,TESTZONE
2026-08-31 03:59:33,Person_4,Identity,Recognized as Talha,General Area
2026-08-31 03:59:33,Talha,Access,AUTHORIZED,TESTZONE
2026-08-31 03:59:36,Person_6,Intrusion,UNAUTHORIZED,TESTZONE
2026-08-31 03:59:38,Person_6,Identity,Recognized as Talha,General Area
2026-08-31 03:59:39,Talha,Access,AUTHORIZED,TESTZONE
2026-08-31 03:59:42,Person_7,Intrusion,UNAUTHORIZED,TESTZONE
2026-08-31 03:59:49,Person_7,Identity,Recognized as Talha,General Area
2026-08-31 04:01:58,Person_1,Identity,Recognized as Talha,General Area
2026-08-31 04:01:59,ASSET,Theft,STOLEN,Restricted_1
2026-08-31 04:05:40,ASSET,Theft,STOLEN,Restricted_1
2026-08-31 04:05:48,Person_1,Identity,Recognized as Talha,General Area
2026-08-31 04:06:12,ASSET,Theft,STOLEN,Restricted_1
2026-08-31 04:06:19,Person_1,Identity,Recognized as Talha,General Area
2026-08-31 04:06:26,ASSET,Theft,STOLEN,Restricted_1
2026-08-31 20:35:11,Person_1,Identity,Recognized as Talha,General Area
2026-08-31 20:35:13,Talha,Access,AUTHORIZED,DESK
2026-08-31 20:38:25,Person_1,Identity,Recognized as Talha,General Area
2026-08-31 20:38:26,ASSET,Theft,STOLEN,DESK
2026-08-31 20:38:40,Person_1,Identity,Recognized as Talha,General Area
2026-08-31 20:38:40,ASSET,Theft,STOLEN,DESK
2026-08-31 20:38:42,Talha,Access,AUTHORIZED,DESK
2026-08-31 20:38:43,ASSET,Removal,BY_Talha,DESK
2026-08-31 20:38:55,Person_1,Identity,Recognized as Talha,General Area
2026-08-31 20:38:58,Talha,Access,AUTHORIZED,DESK
2026-08-31 20:39:12,Person_1,Identity,Recognized as Talha,General Area
2026-08-31 20:39:14,Talha,Access,AUTHORIZED,DESK
2026-08-31 20:45:56,Person_1,Identity,Recognized as Talha,General Area
2026-08-31 20:46:06,ASSET,Theft,STOLEN,Restricted_1
2026-08-31 20:55:43,Person_1,Identity,Recognized as Talha,General Area
2026-08-31 20:55:45,Talha,Access,AUTHORIZED,Restricted_1
2026-08-31 20:56:01,ASSET,Removal,BY_Talha,Restricted_1
2026-08-31 20:56:29,Person_5,Identity,Recognized as Talha,General Area
2026-08-31 20:56:31,Talha,Access,AUTHORIZED,Restricted_1
2026-08-31 20:56:47,ASSET,Removal,BY_Talha,Restricted_1
2026-08-31 21:07:54,Person_1,Intrusion,UNAUTHORIZED,TOWER
2026-08-31 21:08:04,Person_1,Intrusion,UNAUTHORIZED,TOWER
2026-08-31 21:08:06,Person_1,Identity,Recognized as Talha,General Area
2026-08-31 21:08:06,Talha,Access,AUTHORIZED,TOWER
2026-08-31 21:08:20,Talha,Access,AUTHORIZED,TOWER
2026-08-31 21:09:17,Person_1,Intrusion,UNAUTHORIZED,TOWER
2026-08-31 21:09:27,Person_1,Intrusion,UNAUTHORIZED,TOWER
2026-08-31 21:09:28,Person_1,Identity,Recognized as Talha,General Area
2026-08-31 21:09:28,Talha,Access,AUTHORIZED,TOWER
2026-08-31 21:09:41,Talha,Access,AUTHORIZED,TOWER
2026-08-31 21:11:10,Person_1,Intrusion,UNAUTHORIZED,TOWER
2026-08-31 21:11:23,Person_1,Identity,Recognized as Talha,General Area
2026-08-31 21:11:29,Talha,Access,AUTHORIZED,TOWER
2026-08-31 21:12:11,Person_1,Intrusion,UNAUTHORIZED,TOWER
2026-08-31 21:12:22,Person_1,Identity,Recognized as Talha,General Area
2026-08-31 21:12:30,Talha,Access,AUTHORIZED,TOWER
2026-08-31 21:12:34,Talha,Access,AUTHORIZED,TOWER
2026-08-31 21:12:41,Talha,Access,AUTHORIZED,TOWER
2026-08-31 21:16:13,Person_1,Identity,Recognized as Talha,General Area
2026-08-31 22:00:56,Person_1,Intrusion,UNAUTHORIZED,Restricted_1
2026-08-31 22:00:57,Person_1,Identity,Recognized as Talha,General Area
2026-08-31 22:00:57,Talha,Access,AUTHORIZED,Restricted_1
2026-08-31 22:01:10,Talha,Access,AUTHORIZED,Restricted_1
2026-08-31 22:01:16,ASSET,Removal,BY_Talha,Restricted_1
2026-09-01 00:37:32,Person_1,Identity,Recognized as Talha,General Area
2026-09-01 00:47:47,Person_1,Identity,Recognized as Talha,General Area
2026-09-01 00:54:55,Person_1,Identity,Recognized as Talha,General Area
2026-09-01 00:57:30,Person_1,Identity,Recognized as Talha,General Area
2026-09-01 01:03:20,Person_1,Identity,Recognized as Talha,General Area
2026-09-01 01:07:45,Person_1,Identity,Recognized as Talha,General Area
2026-09-01 01:57:37,Person_1,Identity,Recognized as Talha,General Area
2026-09-01 02:10:28,Person_1,Identity,Recognized as Talha,General Area
2026-09-01 02:20:43,Person_1,Identity,Recognized as Talha,General Area
2026-09-01 02:21:16,Person_1,Identity,Recognized as Talha,General Area
2026-09-01 02:21:18,ASSET,Theft,STOLEN,Restricted_1
2026-09-01 02:22:08,Person_1,Intrusion,UNAUTHORIZED,Restricted_1
2026-09-01 02:22:09,Person_1,Identity,Recognized as Talha,General Area
2026-09-01 02:22:09,Talha,Access,AUTHORIZED,Restricted_1
2026-09-01 02:23:26,Person_1,Intrusion,UNAUTHORIZED,Restricted_1
2026-09-01 02:23:27,Person_1,Identity,Recognized as Talha,General Area
2026-09-01 02:23:27,Talha,Access,AUTHORIZED,Restricted_1
2026-09-07 00:52:19,ASSET,Theft,STOLEN,Restricted_2
2026-09-07 00:52:21,Person_1,Intrusion,UNAUTHORIZED,Restricted_1
2026-09-07 00:52:32,ASSET,Theft,STOLEN,Restricted_1
2026-09-23 03:33:23,Person_1,Identity,Recognized as Talha,General Area
2026-09-23 03:33:23,Talha,Access,AUTHORIZED,Restricted_1
2026-09-23 03:33:37,ASSET,Removal,BY_Talha,Restricted_1
2026-09-26 22:39:45,Person_1,Intrusion,UNAUTHORIZED,Restricted_1
2026-09-26 22:39:46,Person_1,Identity,Recognized as Talha,General Area
2026-09-26 22:39:46,Talha,Access,AUTHORIZED,Restricted_1
